seq,taxID_kaiju,taxID_kraken2,length,true,taxID_SAMOVAR,taxID_SAMOVAR_confidence,sample
Hsap.fna|taxid:9606|-NC_000001.11_0_0,0,9606,126,9606,9606,0.999926441404936,1_reprofiled
Hsap.fna|taxid:9606|-NC_000001.11_0_1,0,0,126,9606,0,0.0,1_reprofiled
Hsap.fna|taxid:9606|-NC_000001.11_0_2,0,9606,126,9606,9606,0.999926441404936,1_reprofiled
Hsap.fna|taxid:9606|-NC_000001.11_0_3,0,9606,126,9606,9606,0.999926441404936,1_reprofiled
Hsap.fna|taxid:9606|-NC_000001.11_0_4,0,9606,126,9606,9606,0.999926441404936,1_reprofiled
Hsap.fna|taxid:9606|-NC_000001.11_0_5,0,0,126,9606,0,0.0,1_reprofiled
Hsap.fna|taxid:9606|-NC_000001.11_0_6,0,9606,126,9606,9606,0.999926441404936,1_reprofiled
Hsap.fna|taxid:9606|-NC_000001.11_1000_0,0,9606,126,9606,9606,0.999926441404936,1_reprofiled
Hsap.fna|taxid:9606|-NC_000001.11_1000_1,0,0,126,9606,0,0.0,1_reprofiled
Hsap.fna|taxid:9606|-NC_000001.11_1000_2,0,9606,126,9606,9606,0.999926441404936,1_reprofiled
Hsap.fna|taxid:9606|-NC_000001.11_1000_3,0,9606,126,9606,9606,0.999926441404936,1_reprofiled
Hsap.fna|taxid:9606|-NC_000001.11_1000_4,0,0,126,9606,0,0.0,1_reprofiled
Hsap.fna|taxid:9606|-NC_000001.11_1000_5,0,9606,126,9606,9606,0.999926441404936,1_reprofiled
Hsap.fna|taxid:9606|-NC_000001.11_1000_6,0,0,126,9606,0,0.0,1_reprofiled
Hsap.fna|taxid:9606|-NC_000001.11_1001_0,0,0,126,9606,0,0.0,1_reprofiled
Hsap.fna|taxid:9606|-NC_000001.11_1001_1,0,0,126,9606,0,0.0,1_reprofiled
Hsap.fna|taxid:9606|-NC_000001.11_1001_2,0,9606,126,9606,9606,0.999926441404936,1_reprofiled
Hsap.fna|taxid:9606|-NC_000001.11_1001_3,0,0,126,9606,0,0.0,1_reprofiled
Hsap.fna|taxid:9606|-NC_000001.11_1001_4,0,0,126,9606,0,0.0,1_reprofiled
Hsap.fna|taxid:9606|-NC_000001.11_1001_5,0,9606,126,9606,9606,0.999926441404936,1_reprofiled
Hsap.fna|taxid:9606|-NC_000001.11_1001_6,0,9606,126,9606,9606,0.999926441404936,1_reprofiled
Hsap.fna|taxid:9606|-NC_000001.11_1002_0,0,9606,126,9606,9606,0.999926441404936,1_reprofiled
Hsap.fna|taxid:9606|-NC_000001.11_1002_1,0,9606,126,9606,9606,0.999926441404936,1_reprofiled
Hsap.fna|taxid:9606|-NC_000001.11_1002_2,0,9606,126,9606,9606,0.999926441404936,1_reprofiled
Hsap.fna|taxid:9606|-NC_000001.11_1002_3,0,0,126,9606,0,0.0,1_reprofiled
Hsap.fna|taxid:9606|-NC_000001.11_1002_4,0,9606,126,9606,9606,0.999926441404936,1_reprofiled
Hsap.fna|taxid:9606|-NC_000001.11_1002_5,0,9606,126,9606,9606,0.999926441404936,1_reprofiled
Hsap.fna|taxid:9606|-NC_000001.11_1002_6,0,9606,126,9606,9606,0.999926441404936,1_reprofiled
Hsap.fna|taxid:9606|-NC_000001.11_1003_0,0,9606,126,9606,9606,0.999926441404936,1_reprofiled
Hsap.fna|taxid:9606|-NC_000001.11_1003_1,0,9606,126,9606,9606,0.999926441404936,1_reprofiled
Hsap.fna|taxid:9606|-NC_000001.11_1003_2,0,9606,126,9606,9606,0.999926441404936,1_reprofiled
Hsap.fna|taxid:9606|-NC_000001.11_1003_3,0,0,126,9606,0,0.0,1_reprofiled
Hsap.fna|taxid:9606|-NC_000001.11_1003_4,0,0,126,9606,0,0.0,1_reprofiled
Hsap.fna|taxid:9606|-NC_000001.11_1003_5,0,9606,126,9606,9606,0.999926441404936,1_reprofiled
Hsap.fna|taxid:9606|-NC_000001.11_1003_6,0,9606,126,9606,9606,0.999926441404936,1_reprofiled
Hsap.fna|taxid:9606|-NC_000001.11_1004_0,0,0,126,9606,0,0.0,1_reprofiled
Hsap.fna|taxid:9606|-NC_000001.11_1004_1,0,0,126,9606,0,0.0,1_reprofiled
Hsap.fna|taxid:9606|-NC_000001.11_1004_2,0,0,126,9606,0,0.0,1_reprofiled
Hsap.fna|taxid:9606|-NC_000001.11_1004_3,0,9606,126,9606,9606,0.999926441404936,1_reprofiled
Hsap.fna|taxid:9606|-NC_000001.11_1004_4,0,9606,126,9606,9606,0.999926441404936,1_reprofiled
Hsap.fna|taxid:9606|-NC_000001.11_1004_5,0,0,126,9606,0,0.0,1_reprofiled
Hsap.fna|taxid:9606|-NC_000001.11_1004_6,0,9606,126,9606,9606,0.999926441404936,1_reprofiled
Hsap.fna|taxid:9606|-NC_000001.11_1005_0,0,9606,126,9606,9606,0.999926441404936,1_reprofiled
Hsap.fna|taxid:9606|-NC_000001.11_1005_1,0,9606,126,9606,9606,0.999926441404936,1_reprofiled
Hsap.fna|taxid:9606|-NC_000001.11_1005_2,0,0,126,9606,0,0.0,1_reprofiled
Hsap.fna|taxid:9606|-NC_000001.11_1005_3,0,9606,126,9606,9606,0.999926441404936,1_reprofiled
Hsap.fna|taxid:9606|-NC_000001.11_1005_4,0,9606,126,9606,9606,0.999926441404936,1_reprofiled
Hsap.fna|taxid:9606|-NC_000001.11_1005_5,0,0,126,9606,0,0.0,1_reprofiled
Hsap.fna|taxid:9606|-NC_000001.11_1005_6,0,9606,126,9606,9606,0.999926441404936,1_reprofiled
Hsap.fna|taxid:9606|-NC_000001.11_1006_0,0,9606,126,9606,9606,0.999926441404936,1_reprofiled
Hsap.fna|taxid:9606|-NC_000001.11_1006_1,0,9606,126,9606,9606,0.999926441404936,1_reprofiled
Hsap.fna|taxid:9606|-NC_000001.11_1006_2,0,9606,126,9606,9606,0.999926441404936,1_reprofiled
Hsap.fna|taxid:9606|-NC_000001.11_1006_3,0,9606,126,9606,9606,0.999926441404936,1_reprofiled
Hsap.fna|taxid:9606|-NC_000001.11_1006_4,0,9606,126,9606,9606,0.999926441404936,1_reprofiled
Hsap.fna|taxid:9606|-NC_000001.11_1006_5,0,0,126,9606,0,0.0,1_reprofiled
Hsap.fna|taxid:9606|-NC_000001.11_1006_6,0,0,126,9606,0,0.0,1_reprofiled
Hsap.fna|taxid:9606|-NC_000001.11_1007_0,0,9606,126,9606,9606,0.999926441404936,1_reprofiled
Hsap.fna|taxid:9606|-NC_000001.11_1007_1,0,9606,126,9606,9606,0.999926441404936,1_reprofiled
Hsap.fna|taxid:9606|-NC_000001.11_1007_2,0,9606,126,9606,9606,0.999926441404936,1_reprofiled
Hsap.fna|taxid:9606|-NC_000001.11_1007_3,0,0,126,9606,0,0.0,1_reprofiled
Hsap.fna|taxid:9606|-NC_000001.11_1007_4,0,9606,126,9606,9606,0.999926441404936,1_reprofiled
Hsap.fna|taxid:9606|-NC_000001.11_1007_5,0,9606,126,9606,9606,0.999926441404936,1_reprofiled
Hsap.fna|taxid:9606|-NC_000001.11_1007_6,0,0,126,9606,0,0.0,1_reprofiled
Hsap.fna|taxid:9606|-NC_000001.11_1008_0,0,9606,126,9606,9606,0.999926441404936,1_reprofiled
Hsap.fna|taxid:9606|-NC_000001.11_1008_1,0,0,126,9606,0,0.0,1_reprofiled
Hsap.fna|taxid:9606|-NC_000001.11_1008_2,0,9606,126,9606,9606,0.999926441404936,1_reprofiled
Hsap.fna|taxid:9606|-NC_000001.11_1008_3,0,0,126,9606,0,0.0,1_reprofiled
Hsap.fna|taxid:9606|-NC_000001.11_1008_4,0,9606,126,9606,9606,0.999926441404936,1_reprofiled
Hsap.fna|taxid:9606|-NC_000001.11_1008_5,0,131567,126,9606,131567,0.963994921365964,1_reprofiled
Hsap.fna|taxid:9606|-NC_000001.11_1008_6,0,9606,126,9606,9606,0.999926441404936,1_reprofiled
Hsap.fna|taxid:9606|-NC_000001.11_1009_0,0,9606,126,9606,9606,0.999926441404936,1_reprofiled
Hsap.fna|taxid:9606|-NC_000001.11_1009_1,0,0,126,9606,0,0.0,1_reprofiled
Hsap.fna|taxid:9606|-NC_000001.11_1009_2,0,9606,126,9606,9606,0.999926441404936,1_reprofiled
Hsap.fna|taxid:9606|-NC_000001.11_1009_3,0,0,126,9606,0,0.0,1_reprofiled
Hsap.fna|taxid:9606|-NC_000001.11_1009_4,0,0,126,9606,0,0.0,1_reprofiled
Hsap.fna|taxid:9606|-NC_000001.11_1009_5,0,9606,126,9606,9606,0.999926441404936,1_reprofiled
Hsap.fna|taxid:9606|-NC_000001.11_1009_6,0,9606,126,9606,9606,0.999926441404936,1_reprofiled
Hsap.fna|taxid:9606|-NC_000001.11_100_0,0,9606,126,9606,9606,0.999926441404936,1_reprofiled
Hsap.fna|taxid:9606|-NC_000001.11_100_1,0,9606,126,9606,9606,0.999926441404936,1_reprofiled
Hsap.fna|taxid:9606|-NC_000001.11_100_2,0,9606,126,9606,9606,0.999926441404936,1_reprofiled
Hsap.fna|taxid:9606|-NC_000001.11_100_3,0,9606,126,9606,9606,0.999926441404936,1_reprofiled
Hsap.fna|taxid:9606|-NC_000001.11_100_4,0,9606,126,9606,9606,0.999926441404936,1_reprofiled
Hsap.fna|taxid:9606|-NC_000001.11_100_5,0,9606,126,9606,9606,0.999926441404936,1_reprofiled
Hsap.fna|taxid:9606|-NC_000001.11_100_6,0,9606,126,9606,9606,0.999926441404936,1_reprofiled
Hsap.fna|taxid:9606|-NC_000001.11_1010_0,0,9606,126,9606,9606,0.999926441404936,1_reprofiled
Hsap.fna|taxid:9606|-NC_000001.11_1010_1,0,9606,126,9606,9606,0.999926441404936,1_reprofiled
Hsap.fna|taxid:9606|-NC_000001.11_1010_2,0,9606,126,9606,9606,0.999926441404936,1_reprofiled
Hsap.fna|taxid:9606|-NC_000001.11_1010_3,0,9606,126,9606,9606,0.999926441404936,1_reprofiled
Hsap.fna|taxid:9606|-NC_000001.11_1010_4,0,0,126,9606,0,0.0,1_reprofiled
Hsap.fna|taxid:9606|-NC_000001.11_1010_5,0,9606,126,9606,9606,0.999926441404936,1_reprofiled
Hsap.fna|taxid:9606|-NC_000001.11_1010_6,0,9606,126,9606,9606,0.999926441404936,1_reprofiled
Hsap.fna|taxid:9606|-NC_000001.11_1011_0,0,9606,126,9606,9606,0.999926441404936,1_reprofiled
Hsap.fna|taxid:9606|-NC_000001.11_1011_1,0,9606,126,9606,9606,0.999926441404936,1_reprofiled
Hsap.fna|taxid:9606|-NC_000001.11_1011_2,0,9606,126,9606,9606,0.999926441404936,1_reprofiled
Hsap.fna|taxid:9606|-NC_000001.11_1011_3,0,9606,126,9606,9606,0.999926441404936,1_reprofiled
Hsap.fna|taxid:9606|-NC_000001.11_1011_4,0,9606,126,9606,9606,0.999926441404936,1_reprofiled
Hsap.fna|taxid:9606|-NC_000001.11_1011_5,0,0,126,9606,0,0.0,1_reprofiled
Hsap.fna|taxid:9606|-NC_000001.11_1011_6,0,0,126,9606,0,0.0,1_reprofiled
Hsap.fna|taxid:9606|-NC_000001.11_1012_0,0,9606,126,9606,9606,0.999926441404936,1_reprofiled
Hsap.fna|taxid:9606|-NC_000001.11_1012_1,0,9606,126,9606,9606,0.999926441404936,1_reprofiled
Hsap.fna|taxid:9606|-NC_000001.11_1012_2,0,0,126,9606,0,0.0,1_reprofiled
Hsap.fna|taxid:9606|-NC_000001.11_1012_3,0,9606,126,9606,9606,0.999926441404936,1_reprofiled
Hsap.fna|taxid:9606|-NC_000001.11_1012_4,0,0,126,9606,0,0.0,1_reprofiled
Hsap.fna|taxid:9606|-NC_000001.11_1012_5,0,9606,126,9606,9606,0.999926441404936,1_reprofiled
Hsap.fna|taxid:9606|-NC_000001.11_1012_6,0,9606,126,9606,9606,0.999926441404936,1_reprofiled
Hsap.fna|taxid:9606|-NC_000001.11_1013_0,0,9606,126,9606,9606,0.999926441404936,1_reprofiled
Hsap.fna|taxid:9606|-NC_000001.11_1013_1,0,9606,126,9606,9606,0.999926441404936,1_reprofiled
Hsap.fna|taxid:9606|-NC_000001.11_1013_2,0,9606,126,9606,9606,0.999926441404936,1_reprofiled
Hsap.fna|taxid:9606|-NC_000001.11_1013_3,0,9606,126,9606,9606,0.999926441404936,1_reprofiled
Hsap.fna|taxid:9606|-NC_000001.11_1013_4,0,9606,126,9606,9606,0.999926441404936,1_reprofiled
Hsap.fna|taxid:9606|-NC_000001.11_1013_5,0,9606,126,9606,9606,0.999926441404936,1_reprofiled
Hsap.fna|taxid:9606|-NC_000001.11_1013_6,0,0,126,9606,0,0.0,1_reprofiled
Hsap.fna|taxid:9606|-NC_000001.11_1014_0,0,9606,126,9606,9606,0.999926441404936,1_reprofiled
Hsap.fna|taxid:9606|-NC_000001.11_1014_1,0,0,126,9606,0,0.0,1_reprofiled
Hsap.fna|taxid:9606|-NC_000001.11_1014_2,0,0,126,9606,0,0.0,1_reprofiled
Hsap.fna|taxid:9606|-NC_000001.11_1014_3,0,0,126,9606,0,0.0,1_reprofiled
Hsap.fna|taxid:9606|-NC_000001.11_1014_4,0,9606,126,9606,9606,0.999926441404936,1_reprofiled
Hsap.fna|taxid:9606|-NC_000001.11_1014_5,0,9606,126,9606,9606,0.999926441404936,1_reprofiled
Hsap.fna|taxid:9606|-NC_000001.11_1014_6,0,0,126,9606,0,0.0,1_reprofiled
Hsap.fna|taxid:9606|-NC_000001.11_1015_0,0,9606,126,9606,9606,0.999926441404936,1_reprofiled
Hsap.fna|taxid:9606|-NC_000001.11_1015_1,0,9606,126,9606,9606,0.999926441404936,1_reprofiled
Hsap.fna|taxid:9606|-NC_000001.11_1015_2,0,0,126,9606,0,0.0,1_reprofiled
Hsap.fna|taxid:9606|-NC_000001.11_1015_3,0,9606,126,9606,9606,0.999926441404936,1_reprofiled
Hsap.fna|taxid:9606|-NC_000001.11_1015_4,0,9606,126,9606,9606,0.999926441404936,1_reprofiled
Hsap.fna|taxid:9606|-NC_000001.11_1015_5,0,9606,126,9606,9606,0.999926441404936,1_reprofiled
Hsap.fna|taxid:9606|-NC_000001.11_1015_6,0,9606,126,9606,9606,0.999926441404936,1_reprofiled
Hsap.fna|taxid:9606|-NC_000001.11_1016_0,0,0,126,9606,0,0.0,1_reprofiled
Hsap.fna|taxid:9606|-NC_000001.11_1016_1,0,9606,126,9606,9606,0.999926441404936,1_reprofiled
Hsap.fna|taxid:9606|-NC_000001.11_1016_2,0,9606,126,9606,9606,0.999926441404936,1_reprofiled
Hsap.fna|taxid:9606|-NC_000001.11_1016_3,0,0,126,9606,0,0.0,1_reprofiled
Hsap.fna|taxid:9606|-NC_000001.11_1016_4,0,0,126,9606,0,0.0,1_reprofiled
Hsap.fna|taxid:9606|-NC_000001.11_1016_5,0,0,126,9606,0,0.0,1_reprofiled
Hsap.fna|taxid:9606|-NC_000001.11_1016_6,0,0,126,9606,0,0.0,1_reprofiled
Hsap.fna|taxid:9606|-NC_000001.11_1017_0,0,9606,126,9606,9606,0.999926441404936,1_reprofiled
Hsap.fna|taxid:9606|-NC_000001.11_1017_1,0,131567,126,9606,131567,0.963994921365964,1_reprofiled
Hsap.fna|taxid:9606|-NC_000001.11_1017_2,0,9606,126,9606,9606,0.999926441404936,1_reprofiled
Hsap.fna|taxid:9606|-NC_000001.11_1017_3,0,0,126,9606,0,0.0,1_reprofiled
Hsap.fna|taxid:9606|-NC_000001.11_1017_4,0,9606,126,9606,9606,0.999926441404936,1_reprofiled
Hsap.fna|taxid:9606|-NC_000001.11_1017_5,0,9606,126,9606,9606,0.999926441404936,1_reprofiled
Hsap.fna|taxid:9606|-NC_000001.11_1017_6,0,9606,126,9606,9606,0.999926441404936,1_reprofiled
Hsap.fna|taxid:9606|-NC_000001.11_1018_0,0,0,126,9606,0,0.0,1_reprofiled
Hsap.fna|taxid:9606|-NC_000001.11_1018_1,0,9606,126,9606,9606,0.999926441404936,1_reprofiled
Hsap.fna|taxid:9606|-NC_000001.11_1018_2,0,0,126,9606,0,0.0,1_reprofiled
Hsap.fna|taxid:9606|-NC_000001.11_1018_3,0,9606,126,9606,9606,0.999926441404936,1_reprofiled
Hsap.fna|taxid:9606|-NC_000001.11_1018_4,0,9606,126,9606,9606,0.999926441404936,1_reprofiled
Hsap.fna|taxid:9606|-NC_000001.11_1018_5,0,0,126,9606,0,0.0,1_reprofiled
Hsap.fna|taxid:9606|-NC_000001.11_1018_6,0,9606,126,9606,9606,0.999926441404936,1_reprofiled
Hsap.fna|taxid:9606|-NC_000001.11_1019_0,0,9606,126,9606,9606,0.999926441404936,1_reprofiled
Hsap.fna|taxid:9606|-NC_000001.11_1019_1,0,0,126,9606,0,0.0,1_reprofiled
Hsap.fna|taxid:9606|-NC_000001.11_1019_2,0,9606,126,9606,9606,0.999926441404936,1_reprofiled
Hsap.fna|taxid:9606|-NC_000001.11_1019_3,0,9606,126,9606,9606,0.999926441404936,1_reprofiled
Hsap.fna|taxid:9606|-NC_000001.11_1019_4,0,0,126,9606,0,0.0,1_reprofiled
Hsap.fna|taxid:9606|-NC_000001.11_1019_5,0,9606,126,9606,9606,0.999926441404936,1_reprofiled
Hsap.fna|taxid:9606|-NC_000001.11_1019_6,0,0,126,9606,0,0.0,1_reprofiled
Hsap.fna|taxid:9606|-NC_000001.11_101_0,0,9606,126,9606,9606,0.999926441404936,1_reprofiled
Hsap.fna|taxid:9606|-NC_000001.11_101_1,0,0,126,9606,0,0.0,1_reprofiled
Hsap.fna|taxid:9606|-NC_000001.11_101_2,0,9606,126,9606,9606,0.999926441404936,1_reprofiled
Hsap.fna|taxid:9606|-NC_000001.11_101_3,0,9606,126,9606,9606,0.999926441404936,1_reprofiled
Hsap.fna|taxid:9606|-NC_000001.11_101_4,0,9606,126,9606,9606,0.999926441404936,1_reprofiled
Hsap.fna|taxid:9606|-NC_000001.11_101_5,0,9606,126,9606,9606,0.999926441404936,1_reprofiled
Hsap.fna|taxid:9606|-NC_000001.11_101_6,0,0,126,9606,0,0.0,1_reprofiled
Hsap.fna|taxid:9606|-NC_000001.11_1020_0,0,9606,126,9606,9606,0.999926441404936,1_reprofiled
Hsap.fna|taxid:9606|-NC_000001.11_1020_1,0,0,126,9606,0,0.0,1_reprofiled
Hsap.fna|taxid:9606|-NC_000001.11_1020_2,0,9606,126,9606,9606,0.999926441404936,1_reprofiled
Hsap.fna|taxid:9606|-NC_000001.11_1020_3,0,9606,126,9606,9606,0.999926441404936,1_reprofiled
Hsap.fna|taxid:9606|-NC_000001.11_1020_4,0,9606,126,9606,9606,0.999926441404936,1_reprofiled
Hsap.fna|taxid:9606|-NC_000001.11_1020_5,0,9606,126,9606,9606,0.999926441404936,1_reprofiled
Hsap.fna|taxid:9606|-NC_000001.11_1020_6,0,9606,126,9606,9606,0.999926441404936,1_reprofiled
Hsap.fna|taxid:9606|-NC_000001.11_1021_0,0,0,126,9606,0,0.0,1_reprofiled
Hsap.fna|taxid:9606|-NC_000001.11_1021_1,0,0,126,9606,0,0.0,1_reprofiled
Hsap.fna|taxid:9606|-NC_000001.11_1021_2,0,0,126,9606,0,0.0,1_reprofiled
Hsap.fna|taxid:9606|-NC_000001.11_1021_3,0,0,126,9606,0,0.0,1_reprofiled
Hsap.fna|taxid:9606|-NC_000001.11_1021_4,0,9606,126,9606,9606,0.999926441404936,1_reprofiled
Hsap.fna|taxid:9606|-NC_000001.11_1021_5,0,0,126,9606,0,0.0,1_reprofiled
Hsap.fna|taxid:9606|-NC_000001.11_1021_6,0,9606,126,9606,9606,0.999926441404936,1_reprofiled
Hsap.fna|taxid:9606|-NC_000001.11_1022_0,0,9606,126,9606,9606,0.999926441404936,1_reprofiled
Hsap.fna|taxid:9606|-NC_000001.11_1022_1,0,9606,126,9606,9606,0.999926441404936,1_reprofiled
Hsap.fna|taxid:9606|-NC_000001.11_1022_2,0,0,126,9606,0,0.0,1_reprofiled
Hsap.fna|taxid:9606|-NC_000001.11_1022_3,0,9606,126,9606,9606,0.999926441404936,1_reprofiled
Hsap.fna|taxid:9606|-NC_000001.11_1022_4,0,0,126,9606,0,0.0,1_reprofiled
Hsap.fna|taxid:9606|-NC_000001.11_1022_5,0,0,126,9606,0,0.0,1_reprofiled
Hsap.fna|taxid:9606|-NC_000001.11_1022_6,0,9606,126,9606,9606,0.999926441404936,1_reprofiled
Hsap.fna|taxid:9606|-NC_000001.11_1023_0,0,0,126,9606,0,0.0,1_reprofiled
Hsap.fna|taxid:9606|-NC_000001.11_1023_1,0,9606,126,9606,9606,0.999926441404936,1_reprofiled
Hsap.fna|taxid:9606|-NC_000001.11_1023_2,0,0,126,9606,0,0.0,1_reprofiled
Hsap.fna|taxid:9606|-NC_000001.11_1023_3,0,0,126,9606,0,0.0,1_reprofiled
Hsap.fna|taxid:9606|-NC_000001.11_1023_4,0,9606,126,9606,9606,0.999926441404936,1_reprofiled
Hsap.fna|taxid:9606|-NC_000001.11_1023_5,0,9606,126,9606,9606,0.999926441404936,1_reprofiled
Hsap.fna|taxid:9606|-NC_000001.11_1023_6,0,9606,126,9606,9606,0.999926441404936,1_reprofiled
Hsap.fna|taxid:9606|-NC_000001.11_1024_0,0,0,126,9606,0,0.0,1_reprofiled
Hsap.fna|taxid:9606|-NC_000001.11_1024_1,0,0,126,9606,0,0.0,1_reprofiled
Hsap.fna|taxid:9606|-NC_000001.11_1024_2,0,9606,126,9606,9606,0.999926441404936,1_reprofiled
Hsap.fna|taxid:9606|-NC_000001.11_1024_3,0,9606,126,9606,9606,0.999926441404936,1_reprofiled
Hsap.fna|taxid:9606|-NC_000001.11_1024_4,0,9606,126,9606,9606,0.999926441404936,1_reprofiled
Hsap.fna|taxid:9606|-NC_000001.11_1024_5,0,9606,126,9606,9606,0.999926441404936,1_reprofiled
Hsap.fna|taxid:9606|-NC_000001.11_1024_6,0,0,126,9606,0,0.0,1_reprofiled
Hsap.fna|taxid:9606|-NC_000001.11_1025_0,0,9606,126,9606,9606,0.999926441404936,1_reprofiled
Hsap.fna|taxid:9606|-NC_000001.11_1025_1,0,9606,126,9606,9606,0.999926441404936,1_reprofiled
Hsap.fna|taxid:9606|-NC_000001.11_1025_2,0,9606,126,9606,9606,0.999926441404936,1_reprofiled
Hsap.fna|taxid:9606|-NC_000001.11_1025_3,0,9606,126,9606,9606,0.999926441404936,1_reprofiled
